SKU,Cilindrada
pl-2026_meteor-aurora-blue,350
pl-2026_meteor-aurora-black,350
pl-2026_meteor-stellar-blue,350
pl-2026_meteor-stellar-black,350
pl-2026_meteor-fireball-black,350
pl-2026_hunter-rebel-red,350
pl-2026_hunter-rebel-blue,350
pl-2026_hunter-dapper-green,350
pl-2026_hunter-dapper-grey,350
pl-2026_classic-stealth-black,350
pl-2026_classic-emerald-green,350
pl-2026_classic-commando-sand,350
pl-2025_meteor-supernova-blue,350
pl-2025_meteor-aurora-green,350
pl-2025_meteor-aurora-blue,350
pl-2025_meteor-aurora-black,350
pl-2025_meteor-stellar-red,350
pl-2025_meteor-stellar-blue,350
pl-2025_meteor-stellar-black,350
pl-2025_meteor-fireball-matt-green,350
pl-2025_meteor-fireball-black,350
pl-2025_meteor-fireball-blue,350
pl-2025_hunter-rebel-red,350
pl-2025_hunter-rebel-blue,350
pl-2025_hunter-dapper-orange,350
pl-2025_hunter-dapper-green,350
pl-2025_hunter-dapper-grey,350
pl-2025_classic-dark-stealth-black,350
pl-2025_classic-dark-gunmetal-grey,350
pl-2025_classic-chrome-red,350
pl-2025_classic-emerald-green,350
pl-2025_classic-chrome-bronze,350
pl-2025_classic-signals-marsh-grey,350
pl-2025_classic-signals-desert-sand,350
pl-2025_classic-halcyon-green,350
pl-2025_classic-halcyon-black,350
pl-2026_grr-450-yellow-ribbon,450
pl-2026_grr-450-brava-blue,450
pl-2026_grr-450-gold-dip,450
pl-2026_grr-450-peix-bronze,450
pl-2026_grr-450-playa-black,450
pl-2026_grr-450-smoke-silver,450
pl-2026_grr-450-smoke-silver-análogo,450
pl-2026_himalayan-hanle-black,450
pl-2026_himalayan-kamet-white,450
pl-2026_himalayan-slate-poppy-blue,450
pl-2025_grr-450-yellow-ribbon,450
pl-2025_grr-450-brava-blue,450
pl-2025_grr-450-gold-dip,450
pl-2025_grr-450-playa-black,450
pl-2025_grr-450-smoke-silver,450
pl-2025_grr-450-smoke-silver-análogo,450
pl-2025_himalayan-hanle-black,450
pl-2025_himalayan-kamet-white,450
pl-2025_himalayan-slate-poppy-blue,450
pl-2025_himalayan-slate-himalayan-salt,450
pl-2026_classic-650-twin-black-chrome,650
pl-2026_classic-650-twin-vallam-red,650
pl-2026_classic-650-twin-bruntingthorpe-blue,650
pl-2026_super-meteor-celestial-red,650
pl-2026_super-meteor-celestial-blue,650
pl-2026_super-meteor-astral-black,650
pl-2026_shotgun-sheet-metal-grey,650
pl-2026_int-bear-white-249,650
pl-2026_int-bear-gldn-shdw-black,650
pl-2026_int-bear-petrol-green,650
pl-2026_int-bear-wildhoney-yellow,650
pl-2026_int-bear-boardwalk-white,650
pl-2026_int-barcelona-blue,650
pl-2026_int-cali-green,650
pl-2026_continental-gt-mr-clean,650
pl-2026_continental-gt-rocker-red,650
pl-2025_super-meteor-celestial-red,650
pl-2025_super-meteor-celestial-blue,650
pl-2025_super-meteor-interstellar-green,650
pl-2025_super-meteor-astral-green,650
pl-2025_super-meteor-astral-blue,650
pl-2025_super-meteor-astral-black,650
pl-2025_shotgun-stencil-white,650
pl-2025_shotgun-sheet-metal-grey,650
pl-2025_shotgun-green-drill,650
pl-2025_int-bear-white-249,650
pl-2025_int-bear-gldn-shdw-black,650
pl-2025_int-bear-petrol-green,650
pl-2025_int-bear-wildhoney-yellow,650
pl-2025_int-bear-boardwak-white,650
pl-2025_int-sunset-strip,650
pl-2025_int-black-ray,650
pl-2025_int-barcelona-blue,650
pl-2025_int-canyon-red,650
pl-2025_int-cali-green,650
pl-2025_continental-gt-mr-clean,650
pl-2025_continental-gt-slipstream-blue,650
pl-2025_continental-gt-apex-grey,650
pl-2025_continental-gt-rocker-red,650
pl-2025_continental-gt-dux-deluxe,650
pl-2025_continental-gt-british-racing-green,650
